{
  "summary": {
    "preprocessing": {
      "mean_ms": 0.5148138318743024,
      "min_ms": 0.0,
      "max_ms": 3.603696823120117,
      "count": 7
    },
    "bm25_search": {
      "mean_ms": 0.3813675471714565,
      "min_ms": 0.0,
      "max_ms": 1.5883445739746094,
      "count": 7
    },
    "vector_search": {
      "mean_ms": 44.43917955671038,
      "min_ms": 28.786182403564453,
      "max_ms": 84.381103515625,
      "count": 7
    },
    "total_retrieval": {
      "mean_ms": 2417.3354421343124,
      "min_ms": 2246.735095977783,
      "max_ms": 2622.6561069488525,
      "count": 7
    },
    "recall_at_5": {
      "mean": 0.6666666666666666,
      "min": 0.0,
      "max": 1.0
    }
  },
  "test_results": [
    {
      "query_id": 1,
      "category": "character",
      "query": "\u0936\u0902\u0916\u0928\u093e\u0926\u0903 \u0915\u0903 \u0906\u0938\u0940\u0924\u094d?",
      "preprocessing_ms": 3.603696823120117,
      "bm25_ms": 0.0,
      "vector_ms": 84.381103515625,
      "total_ms": 2622.6561069488525,
      "recall_at_5": 1.0,
      "found_in_top5": true,
      "retrieved_stories": [
        "\u092e\u0942\u0930\u094d\u0916\u092d\u0943\u0924\u094d\u092f\u0938\u094d\u092f",
        "\u092e\u0942\u0930\u094d\u0916\u092d\u0943\u0924\u094d\u092f\u0938\u094d\u092f",
        "\u0935\u0943\u0926\u094d\u0927\u093e\u092f\u093e\u0903 \u091a\u093e\u0930\u094d\u0924\u0941\u092f\u092e\u094d",
        "\u0935\u0943\u0926\u094d\u0927\u093e\u092f\u093e\u0903 \u091a\u093e\u0930\u094d\u0924\u0941\u092f\u092e\u094d",
        "\u0935\u0943\u0926\u094d\u0927\u093e\u092f\u093e\u0903 \u091a\u093e\u0930\u094d\u0924\u0941\u092f\u092e\u094d"
      ]
    },
    {
      "query_id": 2,
      "category": "story",
      "query": "\u0915\u093e\u0932\u0940\u0926\u093e\u0938\u0938\u094d\u092f \u0935\u093f\u0937\u092f\u0947 \u0915\u093f\u092e\u094d \u0935\u0930\u094d\u0923\u093f\u0924\u092e\u094d?",
      "preprocessing_ms": 0.0,
      "bm25_ms": 1.081228256225586,
      "vector_ms": 42.530059814453125,
      "total_ms": 2478.3613681793213,
      "recall_at_5": 0.0,
      "found_in_top5": false,
      "retrieved_stories": [
        "\u0936\u0940\u0924\u0902 \u092c\u0939\u0941 \u092c\u093e\u0927\u0924\u093f \u0964",
        "\u0936\u0940\u0924\u0902 \u092c\u0939\u0941 \u092c\u093e\u0927\u0924\u093f \u0964",
        "\u092e\u0942\u0930\u094d\u0916\u092d\u0943\u0924\u094d\u092f\u0938\u094d\u092f",
        "\u0936\u0940\u0924\u0902 \u092c\u0939\u0941 \u092c\u093e\u0927\u0924\u093f \u0964",
        "\u0936\u0940\u0924\u0902 \u092c\u0939\u0941 \u092c\u093e\u0927\u0924\u093f \u0964"
      ]
    },
    {
      "query_id": 3,
      "category": "moral",
      "query": "\u092e\u0942\u0930\u094d\u0916\u092d\u0943\u0924\u094d\u092f\u0938\u094d\u092f \u0938\u0902\u0938\u0930\u094d\u0917\u093e\u0924\u094d \u0915\u093f\u092e\u094d \u092d\u0935\u0924\u093f?",
      "preprocessing_ms": 0.0,
      "bm25_ms": 0.0,
      "vector_ms": 35.260677337646484,
      "total_ms": 2246.735095977783,
      "recall_at_5": 1.0,
      "found_in_top5": true,
      "retrieved_stories": [
        "\u092e\u0942\u0930\u094d\u0916\u092d\u0943\u0924\u094d\u092f\u0938\u094d\u092f",
        "\u092e\u0942\u0930\u094d\u0916\u092d\u0943\u0924\u094d\u092f\u0938\u094d\u092f",
        "\u0936\u0940\u0924\u0902 \u092c\u0939\u0941 \u092c\u093e\u0927\u0924\u093f \u0964",
        "\u0936\u0940\u0924\u0902 \u092c\u0939\u0941 \u092c\u093e\u0927\u0924\u093f \u0964",
        "\u0935\u0943\u0926\u094d\u0927\u093e\u092f\u093e\u0903 \u091a\u093e\u0930\u094d\u0924\u0941\u092f\u092e\u094d"
      ]
    },
    {
      "query_id": 4,
      "category": "verse",
      "query": "\u0909\u0926\u094d\u092f\u092e\u0903 \u0938\u093e\u0939\u0938\u092e\u094d \u0927\u0948\u0930\u094d\u092f\u092e\u094d \u0907\u0924\u093f \u0936\u094d\u0932\u094b\u0915\u0903 \u0915\u0941\u0924\u094d\u0930 \u0905\u0938\u094d\u0924\u093f?",
      "preprocessing_ms": 0.0,
      "bm25_ms": 0.0,
      "vector_ms": 45.44568061828613,
      "total_ms": 2273.799419403076,
      "recall_at_5": 1.0,
      "found_in_top5": true,
      "retrieved_stories": [
        "\u0935\u0943\u0926\u094d\u0927\u093e\u092f\u093e\u0903 \u091a\u093e\u0930\u094d\u0924\u0941\u092f\u092e\u094d",
        "\u0935\u0943\u0926\u094d\u0927\u093e\u092f\u093e\u0903 \u091a\u093e\u0930\u094d\u0924\u0941\u092f\u092e\u094d",
        "\u092e\u0942\u0930\u094d\u0916\u092d\u0943\u0924\u094d\u092f\u0938\u094d\u092f",
        "\u0935\u0943\u0926\u094d\u0927\u093e\u092f\u093e\u0903 \u091a\u093e\u0930\u094d\u0924\u0941\u092f\u092e\u094d",
        "\u0935\u0943\u0926\u094d\u0927\u093e\u092f\u093e\u0903 \u091a\u093e\u0930\u094d\u0924\u0941\u092f\u092e\u094d"
      ]
    },
    {
      "query_id": 5,
      "category": "character",
      "query": "What happened to the old woman in winter?",
      "preprocessing_ms": 0.0,
      "bm25_ms": 1.5883445739746094,
      "vector_ms": 32.99570083618164,
      "total_ms": 2427.046537399292,
      "recall_at_5": 0.0,
      "found_in_top5": false,
      "retrieved_stories": [
        "\u091a\u0924\u0941\u0930\u0938\u094d\u092f \u0915\u093e\u0932\u0940\u0926\u093e\u0938\u0938\u094d\u092f \u0964"
      ]
    },
    {
      "query_id": 6,
      "category": "story",
      "query": "dharma",
      "preprocessing_ms": 0.0,
      "bm25_ms": 0.0,
      "vector_ms": 28.786182403564453,
      "total_ms": 2364.3386363983154,
      "recall_at_5": null,
      "found_in_top5": false,
      "retrieved_stories": []
    },
    {
      "query_id": 7,
      "category": "cross-script",
      "query": "\u092e\u0942\u0930\u094d\u0916",
      "preprocessing_ms": 0.0,
      "bm25_ms": 0.0,
      "vector_ms": 41.67485237121582,
      "total_ms": 2508.410930633545,
      "recall_at_5": 1.0,
      "found_in_top5": true,
      "retrieved_stories": [
        "\u092e\u0942\u0930\u094d\u0916\u092d\u0943\u0924\u094d\u092f\u0938\u094d\u092f"
      ]
    }
  ],
  "memory_mb": {
    "initial": 100.0,
    "loaded": 100.0,
    "peak": 100.0
  }
}